,,,"畢業生
總計","未升學
未就業
計",正在接受職業訓練,"正在軍中
服役","需要工作
而未找到","補習或
準備升學","健康不良
在家休養",準備出國,"其他
"
國立,普通科,普通科,34267,899,4,98,9,750,3,4,31
國立,職業科,機械群,4502,193,15,100,21,40,5,1,11
國立,職業科,動力機械群,1239,103,4,66,4,22,3,1,3
國立,職業科,電機與電子群,5195,259,16,143,25,54,3,1,17
國立,職業科,化工群,1268,30,1,12,3,12,0,1,1
國立,職業科,土木與建築群,1267,55,2,29,2,16,1,1,4
國立,職業科,商業與管理群,7990,144,2,55,15,54,2,1,15
國立,職業科,外語群,887,5,0,1,0,3,0,1,0
國立,職業科,設計群,1193,37,1,10,3,17,0,1,5
國立,職業科,農業群,1803,76,1,34,22,7,1,1,10
國立,職業科,食品群,1297,49,5,12,16,6,3,2,5
國立,職業科,家政群,1414,26,0,4,11,4,2,0,5
國立,職業科,餐旅群,978,15,0,7,1,2,2,0,3
國立,職業科,水產群,305,11,0,5,4,0,1,0,1
國立,職業科,海事群,269,28,4,17,2,1,0,0,4
國立,職業科,藝術群,151,12,0,6,0,2,0,1,3
國立,職業科,綜合職能群,879,229,25,3,141,2,25,0,33
國立,綜合高中,學術群,6293,148,1,17,4,110,1,4,11
國立,綜合高中,機械群,251,13,0,4,1,2,1,0,5
國立,綜合高中,動力機械群,31,6,0,6,0,0,0,0,0
國立,綜合高中,電機與電子群,396,13,2,8,0,0,0,1,2
國立,綜合高中,化工群,71,1,0,0,0,1,0,0,0
國立,綜合高中,土木與建築群,215,5,0,1,2,1,0,0,1
國立,綜合高中,商業與管理群,1672,57,2,30,10,7,0,1,7
國立,綜合高中,外語群,294,3,0,0,1,1,0,0,1
國立,綜合高中,設計群,390,14,2,4,0,2,0,0,6
國立,綜合高中,農業群,95,4,0,3,0,1,0,0,0
國立,綜合高中,食品群,279,4,0,0,4,0,0,0,0
國立,綜合高中,家政群,108,1,0,0,0,0,0,1,0
國立,綜合高中,餐旅群,566,31,0,20,4,2,1,0,4
國立,綜合高中,水產群,28,2,0,0,0,0,0,0,2
國立,綜合高中,海事群,19,2,0,0,0,0,0,0,2
國立,綜合高中,藝術群,9,1,0,1,0,0,0,0,0
國立,綜合高中,綜合職能群,11,1,0,0,0,1,0,0,0
國立,實用技能學程,機械群,437,37,2,18,2,2,2,1,10
國立,實用技能學程,動力機械群,167,28,0,17,9,0,0,0,2
國立,實用技能學程,電機與電子群,762,105,7,66,16,4,0,0,12
國立,實用技能學程,土木與建築群,132,9,0,7,2,0,0,0,0
國立,實用技能學程,商業與管理群,677,42,7,21,5,1,1,0,7
國立,實用技能學程,設計群,167,19,2,10,3,2,0,0,2
國立,實用技能學程,農業群,181,21,0,12,3,2,1,0,3
國立,實用技能學程,食品群,285,30,1,19,7,0,0,0,3
國立,實用技能學程,餐旅群,423,27,1,5,13,3,1,0,4
國立,實用技能學程,水產群,35,2,0,2,0,0,0,0,0
國立,實用技能學程,海事群,62,15,0,15,0,0,0,0,0
國立,實用技能學程,美容造型群,152,11,0,2,8,0,0,0,1
縣市立,普通科,普通科,40753,987,8,106,16,726,4,35,92
縣市立,職業科,機械群,1852,39,2,6,0,22,0,0,9
縣市立,職業科,動力機械群,670,21,0,10,1,10,0,0,0
縣市立,職業科,電機與電子群,3001,74,1,19,0,47,0,1,6
縣市立,職業科,化工群,170,2,0,2,0,0,0,0,0
縣市立,職業科,土木與建築群,448,7,0,2,0,3,0,2,0
縣市立,職業科,商業與管理群,2566,43,1,7,2,24,0,4,5
縣市立,職業科,外語群,254,9,0,1,0,1,2,5,0
縣市立,職業科,設計群,1175,28,1,3,0,20,0,1,3
縣市立,職業科,農業群,112,2,0,0,0,2,0,0,0
縣市立,職業科,食品群,79,3,0,0,0,3,0,0,0
縣市立,職業科,家政群,142,5,1,0,0,4,0,0,0
縣市立,職業科,餐旅群,238,2,0,0,0,2,0,0,0
縣市立,職業科,藝術群,0,0,0,0,0,0,0,0,0
縣市立,職業科,綜合職能群,265,67,9,0,34,0,14,0,10
縣市立,綜合高中,學術群,2409,56,0,4,0,43,0,4,5
縣市立,綜合高中,機械群,25,3,0,0,0,3,0,0,0
縣市立,綜合高中,電機與電子群,263,4,0,0,0,4,0,0,0
縣市立,綜合高中,化工群,82,5,0,0,0,5,0,0,0
縣市立,綜合高中,土木與建築群,110,0,0,0,0,0,0,0,0
縣市立,綜合高中,商業與管理群,544,14,0,5,0,7,2,0,0
縣市立,綜合高中,外語群,36,0,0,0,0,0,0,0,0
縣市立,綜合高中,設計群,147,7,0,1,0,4,0,1,1
縣市立,綜合高中,農業群,19,0,0,0,0,0,0,0,0
縣市立,綜合高中,家政群,20,0,0,0,0,0,0,0,0
縣市立,綜合高中,餐旅群,102,7,0,2,1,0,0,0,4
縣市立,實用技能學程,機械群,46,4,0,3,1,0,0,0,0
縣市立,實用技能學程,動力機械群,27,2,0,2,0,0,0,0,0
縣市立,實用技能學程,電機與電子群,81,11,0,8,2,0,0,0,1
縣市立,實用技能學程,土木與建築群,37,4,0,1,1,0,0,0,2
縣市立,實用技能學程,商業與管理群,122,14,0,2,3,0,4,0,5
縣市立,實用技能學程,設計群,16,1,0,0,1,0,0,0,0
縣市立,實用技能學程,餐旅群,31,1,0,0,1,0,0,0,0
縣市立,實用技能學程,美容造型群,34,1,1,0,0,0,0,0,0
私立,普通科,普通科,28518,814,19,111,18,596,9,21,40
私立,職業科,機械群,1739,183,7,124,44,2,1,0,5
私立,職業科,動力機械群,3972,506,13,309,106,10,6,2,60
私立,職業科,電機與電子群,12542,1004,48,572,217,48,8,5,106
私立,職業科,土木與建築群,212,18,0,9,4,5,0,0,0
私立,職業科,商業與管理群,13321,566,26,230,183,43,18,4,62
私立,職業科,外語群,5197,91,2,25,18,23,2,10,11
私立,職業科,設計群,6484,269,22,54,34,93,7,11,48
私立,職業科,家政群,6950,402,37,43,237,24,26,4,31
私立,職業科,餐旅群,18903,1614,102,712,499,64,37,22,178
私立,職業科,海事群,50,11,0,9,0,2,0,0,0
私立,職業科,藝術群,2382,152,3,41,15,46,2,11,34
私立,職業科,綜合職能群,418,151,30,0,54,5,49,0,13
私立,綜合高中,學術群,2151,74,6,25,6,25,0,0,12
私立,綜合高中,機械群,71,3,0,1,2,0,0,0,0
私立,綜合高中,動力機械群,97,16,0,8,4,4,0,0,0
私立,綜合高中,電機與電子群,1311,46,1,26,2,7,4,0,6
私立,綜合高中,化工群,170,0,0,0,0,0,0,0,0
私立,綜合高中,商業與管理群,2623,84,4,25,23,11,1,2,18
私立,綜合高中,外語群,1243,16,1,3,2,6,0,2,2
私立,綜合高中,設計群,794,22,1,9,4,7,0,0,1
私立,綜合高中,家政群,609,34,1,4,14,3,1,0,11
私立,綜合高中,餐旅群,1570,73,7,32,21,3,2,0,8
私立,綜合高中,藝術群,18,1,0,1,0,0,0,0,0
私立,綜合高中,綜合職能群,278,17,2,9,3,1,0,0,2
私立,實用技能學程,機械群,79,20,0,18,0,0,0,0,2
私立,實用技能學程,動力機械群,1140,230,1,134,45,12,3,0,35
私立,實用技能學程,電機與電子群,643,91,0,42,32,0,3,0,14
私立,實用技能學程,土木與建築群,17,0,0,0,0,0,0,0,0
私立,實用技能學程,商業與管理群,1357,176,1,83,52,5,7,1,27
私立,實用技能學程,設計群,96,11,0,2,9,0,0,0,0
私立,實用技能學程,食品群,140,30,1,1,27,0,0,1,0
私立,實用技能學程,餐旅群,3719,490,10,188,209,13,10,2,58
私立,實用技能學程,美容造型群,1517,177,21,22,92,11,8,0,23
